celebrity,category,platform,date,video_id,title,views,likes,comments,published
Taylor Swift,Western,YouTube,2026-01-25,-c9Cg0l__fo,There truly was magic in the *eras*âœ¨ watch starting TOMORROW on @d@disneyplust 12am PT / 3am ET,984724,54387,2607,2025-12-11
Taylor Swift,Western,YouTube,2026-01-25,fHjxp-rpUGw,Just 11 days until the final show of The Eras Tour is all yours âœ¨ğŸ‚,361718,25154,2497,2025-12-02
Taylor Swift,Western,YouTube,2026-01-25,yX2kZ8OIsfU,Taylor Swift - The Fate of Ophelia (The Chainsmokers Remix) (Visualizer),1487443,36813,2018,2025-11-28
Taylor Swift,Western,YouTube,2026-01-25,dSSqCoCiQVs,"The End of an Era"", a 6-episode docuseries, streams on @Disneyplus beginning Dec 12 ğŸ«¶",444640,42550,1997,2025-11-13
Taylor Swift,Western,YouTube,2026-01-25,PdMdbiY6-lE,Taylor Swift - The Fate of Ophelia (Alone In My Tower Acoustic Version) (Visualizer),2125417,84473,3492,2025-10-31
Billie Eilish,Western,YouTube,2026-01-25,0UIqFcwIyDM,Billie for YOUR TURN II,340219,33286,1267,2026-01-21
Billie Eilish,Western,YouTube,2026-01-25,AVJKFjAfkJU,The trailer for BILLIE EILISH - HIT ME HARD AND SOFT: THE TOUR (LIVE IN 3D) is out now.,1051543,87381,2060,2025-12-10
Billie Eilish,Western,YouTube,2026-01-25,Rpvta5j-yF8,HIT ME HARD AND SOFT: THE TOUR (LIVE IN 3D) opens in theatres March 20.,352241,26495,673,2025-12-10
Cardi B,Western,YouTube,2026-01-25,6Q6PLrLGD74,merry Christmas Eve ğŸ„ğŸŒ² FROM ME AND MY CUBS ğŸ»ğŸ»â€â„ï¸ğŸ§¸â€¦..,15067,1069,54,2026-01-23
Cardi B,Western,YouTube,2026-01-25,9QFy9oipkkY,EL DOLORRRRRRRRR,44590,3394,179,2026-01-22
Cardi B,Western,YouTube,2026-01-25,yb0QUUhMczA,?,64144,7232,628,2026-01-21
Bruno Mars,Western,YouTube,2026-01-25,Irq_bCuOg_0,Itâ€™s party time! The self proclaimed Aura Lord is Back. I Just Might song and video out now! ğŸŒ¹,1509881,36799,1237,2026-01-10
Bruno Mars,Western,YouTube,2026-01-25,mrV8kK5t0V8,Bruno Mars - I Just Might [Official Music Video],63020534,1235851,54630,2026-01-09
Lady Gaga,Western,YouTube,2026-01-25,_jLrLAYFkiY,ğŸ£ğŸ¶ Japan here I come,157247,11438,611,2026-01-21
Lady Gaga,Western,YouTube,2026-01-25,3NxGsMJhGvU,And thatâ€™s a wrap ğŸ¹,131657,9925,370,2026-01-21
Lady Gaga,Western,YouTube,2026-01-25,klnrMPbhVfE,No time for dancing ğŸ“¹,173752,11905,493,2026-01-20
BTS,K-pop,YouTube,2026-01-25,RZCbSIpHoAU,ì§„ (Jin) 'RUNSEOKJIN_EP.TOUR' THE MOVIE Visualizer,311773,57621,3615,2026-01-09
BTS,K-pop,YouTube,2026-01-25,AqRsyHirljg,'#RUNSEOKJIN_EP.TOUR in GOYANG' The Original SPOT 2,374272,55999,3235,2026-01-08
BTS,K-pop,YouTube,2026-01-25,ps1o5KW3298,[PREVIEW] ì§„ (Jin) 'RUNSEOKJIN_EP.TOUR in GOYANG' The Original SPOT 2,173629,42610,2136,2026-01-08
BTS,K-pop,YouTube,2026-01-25,Zolq65TiHnk,'#RUNSEOKJIN_EP.TOUR in GOYANG' The Original SPOT 1,463142,68172,3488,2026-01-07
BTS,K-pop,YouTube,2026-01-25,VgONZ_UO7AQ,[PREVIEW] ì§„ (Jin) 'RUNSEOKJIN_EP.TOUR in GOYANG' The Original SPOT 1,189051,56073,3132,2026-01-07
BTS,K-pop,YouTube,2026-01-25,BZdfl1CdgOM,V 'TYPE é' Concept Preview 2,1421220,167001,5504,2025-12-31
BTS,K-pop,YouTube,2026-01-25,1_6130bC2S8,Happy V DayÂ ğŸ‚ #ë·” #V #HAPPYVDAY,1408622,220323,21180,2025-12-29
BTS,K-pop,YouTube,2026-01-25,kPN93WhpED8,V 'TYPE é' Concept Preview 1,1144232,140743,4074,2025-12-28
BTS,K-pop,YouTube,2026-01-25,ADw_zMarJdk,ì§„ (Jin) 'RUNSEOKJIN_EP.TOUR' THE MOVIE Special Background,298584,61186,4082,2025-12-26
BTS,K-pop,YouTube,2026-01-25,YikM_tQWI_Q,'Are You Sure?! Season 2' Highlight Clip - VIETNAM,1256747,111037,2722,2025-12-24
BTS,K-pop,YouTube,2026-01-25,fjTvhaDsRDg,The Christmas Song (cover) by Jung Kook,2794117,560807,53905,2025-12-23
BTS,K-pop,YouTube,2026-01-25,wuBYwAjGVXk,'Are You Sure?! Season 2' Highlight Clip - SWITZERLAND,1119641,106130,2417,2025-12-17
BTS,K-pop,YouTube,2026-01-25,thBtkE54Abo,[VLOG] Vâ€™s VLOG in Hawaii,1368613,229300,17597,2025-12-13
BTS,K-pop,YouTube,2026-01-25,GYB4jCJvBeQ,Jimin x Jung Kook 'Are You Sure?! Season2' PHOTOBOOK Behind Preview,1039916,103158,2514,2025-12-09
BTS,K-pop,YouTube,2026-01-25,aIW_6wZm4YU,[PREVIEW] Jimin x Jung Kook 'Are You Sure?! Season2' PHOTOBOOK Behind,407971,75229,3258,2025-12-09
BTS,K-pop,YouTube,2026-01-25,4YsRken2hws,Jimin x Jung Kook 'Are You Sure?! Season2' PHOTOBOOK Concept Preview - VIETNAM,611524,75351,1789,2025-12-07
BTS,K-pop,YouTube,2026-01-25,p2OhTRsQVr0,Jimin x Jung Kook 'Are You Sure?! Season2' PHOTOBOOK Concept Preview - SWITZERLAND,558143,68689,1472,2025-12-07
BTS,K-pop,YouTube,2026-01-25,AQNkgDzF8a4,ì§„ (Jin) 'RUNSEOKJIN_EP.TOUR' THE MOVIE ê³µì‹ ì˜ˆê³ í¸,245724,50637,1884,2025-12-05
BTS,K-pop,YouTube,2026-01-25,6nTEnBr8OVQ,ì§„ (Jin) 'RUNSEOKJIN_EP.TOUR' THE MOVIE Main Trailer,193975,42333,1668,2025-12-05
BTS,K-pop,YouTube,2026-01-25,0hH9gsprag8,[Episode] ì§„ (Jin) 'RUNSEOKJIN_EP.TOUR' ENCORE - BTS (ë°©íƒ„ì†Œë…„ë‹¨),994285,120874,6090,2025-12-05
BTS,K-pop,YouTube,2026-01-25,ofNQ2yoMvDM,ì§„ (Jin) 'The Astronaut' Stage CAM @ 'RUNSEOKJIN_EP.TOUR' ENCORE Day 2,470387,75089,7469,2025-12-03
BTS,K-pop,YouTube,2026-01-25,4jplyNP9jto,ì§„ (Jin) 'ì „í•˜ì§€ ëª»í•œ ì§„ì‹¬' Stage CAM @ 'RUNSEOKJIN_EP.TOUR' ENCORE Day 2,546931,73705,7372,2025-12-03
BTS,K-pop,YouTube,2026-01-25,W9aHACqAcMI,Happy Jin Day ğŸ‚ #ì§„ #Jin #HAPPYJINDAY,1627579,184740,16767,2025-12-03
BTS,K-pop,YouTube,2026-01-25,sU6NShUE_-E,[VLOG] ë°¥ì¹œêµ¬ ë‚‹ì—¬ì˜¨ ë·” l Vâ€™s VLOG in Los Angeles,3141053,382398,57297,2025-11-30
BTS,K-pop,YouTube,2026-01-25,q4Ht7WEn6kY,ì§„ (Jin) 'RUNSEOKJIN_EP.TOUR' THE MOVIE Invitation,225367,57727,3039,2025-11-28
BLACKPINK,K-pop,YouTube,2026-01-25,oCInq2BAq-E,BLACKPINK WORLD TOUR [DEADLINE] IN TOKYO ğŸ—¼,856301,74560,2291,2026-01-23
BLACKPINK,K-pop,YouTube,2026-01-25,6gi87AUDs0M,BLACKPINK 3rd MINI ALBUM [DEADLINE],1422704,219628,18632,2026-01-14
BLACKPINK,K-pop,YouTube,2026-01-25,myBJvnB5Ccw,BLACKPINK 3rd MINI ALBUM [DEADLINE],1934745,153566,7041,2026-01-14
BLACKPINK,K-pop,YouTube,2026-01-25,vy_mB6QY-Sc,BLACKPINK - WORLD TOUR [DEADLINE] IN BANGKOK Behind the Scenes,1542056,112754,5956,2025-12-09
BLACKPINK,K-pop,YouTube,2026-01-25,QWmNeYST1Qk,BLACKPINK WORLD TOUR [DEADLINE] IN SINGAPORE ğŸŒ¸ #BLACKPINK #WORLDTOUR #DEADLINE_IN_SINGAPORE,1867965,115179,6119,2025-12-05
BLACKPINK,K-pop,YouTube,2026-01-25,lUe1gtbkwF4,BLACKPINK WORLD TOUR [DEADLINE] IN BULACAN ğŸ’Ÿ #BLACKPINK #WORLDTOUR #DEADLINE #DEADLINE_IN_BULACAN,1281529,86101,2632,2025-11-28
BLACKPINK,K-pop,YouTube,2026-01-25,xcy2nNd0dSE,BLACKPINK WORLD TOUR [DEADLINE] IN JAKARTA ğŸŒ´ #BLACKPINK #WORLDTOUR #DEADLINE #DEADLINE_IN_JAKARTA,1957615,115805,3474,2025-11-06
BLACKPINK,K-pop,YouTube,2026-01-25,2EM6T67GRxg,BLACKPINK WORLD TOUR [DEADLINE] IN BANGKOK ğŸ’« #BLACKPINK #WORLDTOUR #DEADLINE #DEADLINE_IN_BANGKOK,1493831,96445,2711,2025-10-31
Stray Kids,K-pop,YouTube,2026-01-25,EPYzCXthC_U,Mono outfit,354391,25264,538,2026-01-24
Stray Kids,K-pop,YouTube,2026-01-25,w7j0aTM5ujk,Play the whole world in Mono,672779,25707,2648,2026-01-19
Stray Kids,K-pop,YouTube,2026-01-25,6uCcpCagpgE,ìš°ê¸°ì˜ 2025 ì ˆê°•ìœ„ì„± TV ì—°ë§ ë¬´ëŒ€ ë¹„í•˜ì¸ë“œ [i-talk] #236 | i-dle (ì•„ì´ë“¤)ã…£SUB,41073,4083,177,2026-01-19
Stray Kids,K-pop,YouTube,2026-01-25,NNOdLpm3N0M,ë¯¸ì—°ì˜ ë“œë¦¼ì½˜ì„œíŠ¸ ì•„ë¶€ë‹¤ë¹„ 2025 ë¹„í•˜ì¸ë“œ [i-talk] #235 | i-dle (ì•„ì´ë“¤)ã…£SUB,24212,3079,164,2026-01-16
Stray Kids,K-pop,YouTube,2026-01-25,hlFE5mBKXHw,ì¡°íŒ”ë‘ ğŸ’ƒ,2023555,35575,877,2026-01-12
Stray Kids,K-pop,YouTube,2026-01-25,H8BEncTbQ0k,ë¯¸ì—°ì˜ ì‡¼ì¸  ì„¸ê³„,1055810,51100,434,2026-01-08
Stray Kids,K-pop,YouTube,2026-01-25,GKseL2zn50A,Game boyy ğŸ•¹ï¸,376773,30909,579,2026-01-07
Stray Kids,K-pop,YouTube,2026-01-25,iti50jdoed8,ìš°ë¦¬ ë§‰ë‚´ ìƒì¼ì¶•í•˜í•´~ğŸ‚,308282,21728,718,2026-01-06
Stray Kids,K-pop,YouTube,2026-01-25,x9RaoibYLBk,ë‚´ê°€ ëˆ„êµ¬~?ğŸ¤ YEH SHUHUAAA!!! ğŸ’—ğŸ˜,339807,25097,840,2026-01-06
Stray Kids,K-pop,YouTube,2026-01-25,VWxmDeLF-QQ,ìƒˆí•´ì—ëŠ” ì—­ì‹œ ëƒ‰ë©´ğŸ’š,530349,31208,361,2026-01-03
Stray Kids,K-pop,YouTube,2026-01-25,IlHSQz92IoQ,ğŸ°ğŸ¤™,617946,41204,645,2026-01-02
Stray Kids,K-pop,YouTube,2026-01-25,gy5Qg9VCypg,ìš°ê¸° (YUQI) â€˜å”¯ä¸€ (Only One)' (Cover),739095,31166,1247,2026-01-01
Stray Kids,K-pop,YouTube,2026-01-25,0kp1xGwpLQo,ìš°ê¸° (YUQI) â€˜å”¯ä¸€ (Only One)' (Cover) Preview,50893,6246,282,2025-12-31
Stray Kids,K-pop,YouTube,2026-01-25,o4p1jVnONWE,ğ™¶ğš˜ğš˜ğš ğš‹ğš¢ğš ğŸ¸ğŸ¶ğŸ¸ğŸ»ğŸ’œ,1428053,54720,588,2025-12-31
Stray Kids,K-pop,YouTube,2026-01-25,-xw9SMdVaFM,ì˜¤ì›”ì²œ & ì™•ì†Œë¡± ì„ ë°°ë‹˜ ì½˜ì„œíŠ¸ì— ë‚˜íƒ€ë‚œ ìŠ¤í˜ì…œ ê²ŒìŠ¤íŠ¸ ìš°ê¸° ğŸ¤â¤ï¸ [#HASHTALK] EP.46ã…£i-dle (ì•„ì´ë“¤)ã…£SUB,34740,3599,158,2025-12-29
Stray Kids,K-pop,YouTube,2026-01-25,h6I20rdCOqE,ìŠˆí™”ì˜ AAA 2025 & ACON 2025 ë¹„í•˜ì¸ë“œ [i-talk] #233 | i-dle (ì•„ì´ë“¤)ã…£SUB,61294,6167,360,2025-12-27
Stray Kids,K-pop,YouTube,2026-01-25,AYUmgQEPSc0,ğŸ„ ê™³Â·â…* à¸…Ë†â€§â©Šâ€§Ë†à¸… *â† â‚Šâ‹†ğŸ„,9785016,145387,1169,2025-12-25
Stray Kids,K-pop,YouTube,2026-01-25,EAdqAQg3OkA,NEVERLANDğŸ’— Happy ChristmasğŸ„,362646,23155,262,2025-12-25
Stray Kids,K-pop,YouTube,2026-01-25,cg0-yqbvJgY,ë©´ê³µì£¼ì˜ í¬ë¦¬ìŠ¤ë§ˆìŠ¤ ì„ ë¬¼ì´ ë„ì°©í–ˆìŠµë‹ˆë‹¤ğŸ’,256608,16296,378,2025-12-24
Stray Kids,K-pop,YouTube,2026-01-25,YSwx1Tj0X9Q,ë¯¸ì—° (MIYEON) 'Last Christmas / Wham!' (Cover),376504,26553,1184,2025-12-24
Stray Kids,K-pop,YouTube,2026-01-25,SRdoxpD202c,ğŸ°ğŸ¦ŠğŸº,3324788,83739,481,2025-12-24
Stray Kids,K-pop,YouTube,2026-01-25,_bUS6cStWNU,ì–¸ë‹ˆê°€ ì™”ë„ë‹¤,212813,13815,279,2025-12-24
Stray Kids,K-pop,YouTube,2026-01-25,nY8hH9LAHY8,ê´‘ë€ì˜ ëŒ„ìŠ¤,1210153,53709,721,2025-12-24
Stray Kids,K-pop,YouTube,2026-01-25,lsVhzFQIM4M,âœ´ï¸I-dle in CITY of SENSEâœ´ï¸,235189,17668,175,2025-12-24
Stray Kids,K-pop,YouTube,2026-01-25,cNroc8YigO8,ğ“¯ğ“»ğ“®ğ“®ğ”ƒğ“®,504348,31275,693,2025-12-23
TWICE,K-pop,YouTube,2026-01-25,VpH6-b7YCDc,Confetti with #HANAğŸ‰ #TWICE #íŠ¸ì™€ì´ìŠ¤ #MISAMO #MOMO #ëª¨ëª¨,821320,44558,291,2026-01-23
TWICE,K-pop,YouTube,2026-01-25,lrIP6sHXBHw,ConfettiğŸ‰  #TWICE #íŠ¸ì™€ì´ìŠ¤ #MISAMO #MOMO #ëª¨ëª¨ #CHAEYOUNG #ì±„ì˜,717338,51664,540,2026-01-22
TWICE,K-pop,YouTube,2026-01-25,entbXO8R5PQ,DAHYUN FILM AWARDS Behind The Scenes,69326,9261,449,2026-01-16
TWICE,K-pop,YouTube,2026-01-25,yXA_7T3tk5E,"It's on me, Say lessğŸ”¥ #TWICE #íŠ¸ì™€ì´ìŠ¤#JIHYO #ì§€íš¨ #MOMO #ëª¨ëª¨",3137837,115528,855,2026-01-16
TWICE,K-pop,YouTube,2026-01-25,0__PVzQgvSk,Strange Things On Tourâ€¦ğŸ«¢ #TWICE #íŠ¸ì™€ì´ìŠ¤ #MINA #ë¯¸ë‚˜ #CHAEYOUNG #ì±„ì˜,1090095,57305,703,2026-01-15
TWICE,K-pop,YouTube,2026-01-25,tlsoU8TK-T4,What is Love Love Love?ğŸ’ #TWICE #íŠ¸ì™€ì´ìŠ¤ #JIHYO #ì§€íš¨ #MINA #ë¯¸ë‚˜,1365295,56704,460,2026-01-14
TWICE,K-pop,YouTube,2026-01-25,mZ4Vla0JCnk,MOMO-Log in Milano Highlight #1 #TWICE  #íŠ¸ì™€ì´ìŠ¤ #MOMO #ëª¨ëª¨ #MOMOLog,131456,9522,104,2026-01-06
TWICE,K-pop,YouTube,2026-01-25,GwxNvCvzKHU,MOMO-Log in Milano Highlight #2 #TWICE  #íŠ¸ì™€ì´ìŠ¤ #MOMO #ëª¨ëª¨ #MOMOLog,185614,12437,169,2026-01-06
TWICE,K-pop,YouTube,2026-01-25,35kacj9xT9c,MOMO-Log in Milano,210761,16707,673,2026-01-06
TWICE,K-pop,YouTube,2026-01-25,2R2W_CXrp3E,"ğŸ©·HAPPY NEW YEAR, ONCEğŸ©·",278955,43105,2863,2025-12-31
TWICE,K-pop,YouTube,2026-01-25,1pziXf4SV9g,ì•ˆë…•í•˜ì„¸ìš©? ì € ì‚¬ë‚˜ì˜ˆìš©ğŸ‚ #TWICE #íŠ¸ì™€ì´ìŠ¤ #SANA #ì‚¬ë‚˜,511514,34861,1179,2025-12-29
TWICE,K-pop,YouTube,2026-01-25,hWW8mMQOfVs,TWICE ï¼œTHIS IS FORï¼ WORLD TOUR PART.1 RECAP Highlight #TWICE  #THISISFOR #TWICE_THISISFOR_WORLD_TOUR,360768,19250,343,2025-12-26
TWICE,K-pop,YouTube,2026-01-25,GqRKY-RLhp0,TWICE ï¼œTHIS IS FORï¼ WORLD TOUR PART.1 RECAP,131960,13364,545,2025-12-26
TWICE,K-pop,YouTube,2026-01-25,hKNmRaRMYf4,#TWICE â€œMagicalâ€ & â€œTTâ€ Live Stage @ ï¼œTHIS IS FORï¼ WORLD TOUR #TWICE_THISISFOR_WORLD_TOUR_IN_BANGKOK,703644,38452,574,2025-12-24
TWICE,K-pop,YouTube,2026-01-25,wfGTo_nMpA4,TWICE â€œMagicalâ€ & â€œTTâ€ Live Stage @ TWICE ï¼œTHIS IS FORï¼ WORLD TOUR IN BANGKOK,658673,30366,822,2025-12-24
TWICE,K-pop,YouTube,2026-01-25,hTj8JdZN8Ms,[ğŸ“‚Secret Cut] 38_â€˜Merry & Happyâ€™ Choreography Video for Broadcast.mp4,334666,33175,769,2025-12-22
TWICE,K-pop,YouTube,2026-01-25,ZIznB1lnKLI,#TWICE ï¼œTHIS IS FORï¼ WORLD TOUR IN KAOHSIUNGï½œDRONE CAM #TWICE_THISISFOR_WORLD_TOUR_IN_KAOHSIUNG,637788,28158,286,2025-12-18
TWICE,K-pop,YouTube,2026-01-25,7jDiZ1EYpTw,TWICE ï¼œTHIS IS FORï¼ WORLD TOUR IN KAOHSIUNGï½œDRONE CAM,429407,36067,1422,2025-12-18
TWICE,K-pop,YouTube,2026-01-25,ycYXF2uCZXo,VICTORIAâ€™S SECRET FASHION SHOW 2025 Behind The Scenes #1 #TWICE ##Victoriassecret #VSFashionShow,266440,14884,163,2025-12-16
TWICE,K-pop,YouTube,2026-01-25,aTJlM7wJ8Hw,VICTORIAâ€™S SECRET FASHION SHOW 2025 Behind The Scenes #2 #TWICE  #Victoriassecret #VSFashionShow,476462,24463,222,2025-12-16
TWICE,K-pop,YouTube,2026-01-25,3zQraeuNbK8,VICTORIAâ€™S SECRET FASHION SHOW 2025 Behind The Scenes,661814,42325,993,2025-12-16
TWICE,K-pop,YouTube,2026-01-25,mWGiHP5fNnM,ğŸ¤ğŸ’”ğŸ’¸ #TWICE #íŠ¸ì™€ì´ìŠ¤ #JEONGYEON #ì •ì—° #JIHYO #ì§€íš¨,977382,44527,411,2025-12-15
TWICE,K-pop,YouTube,2026-01-25,KhfjLjCcA68,I Gotcha!ğŸ’“ #TWICE #íŠ¸ì™€ì´ìŠ¤ #NAYEON #ë‚˜ì—° #MOMO #ëª¨ëª¨ #SANA #ì‚¬ë‚˜ #JIHYO #ì§€íš¨ #MINA #ë¯¸ë‚˜ #DAHYUN #ë‹¤í˜„,1750290,103757,684,2025-12-09
TWICE,K-pop,YouTube,2026-01-25,a0rMb-w4P_0,MOMO-Log with AMAFFI,275142,14393,551,2025-12-05
TWICE,K-pop,YouTube,2026-01-25,Tifb84eXtgI,MOMO-Log with AMAFFI Highlight #TWICE #íŠ¸ì™€ì´ìŠ¤ #MOMO #ëª¨ëª¨ #MOMOLog,231829,12472,180,2025-12-05
ITZY,K-pop,YouTube,2026-01-25,MwUKPUxloa8,ì•„ì•„ì– ì•„ì•„ì– ì•„ì•¼ğŸ’¥ (ğŸ¥ by 01ì¦ˆ) #ITZY #ITZY_WORLD_TOUR,170759,12935,375,2026-01-20
ITZY,K-pop,YouTube,2026-01-25,RSLa0cdXs38,[ITZY?ITZY!] EP 234 l 2025 SBS Gayo Daejeon,53667,5613,285,2026-01-20
ITZY,K-pop,YouTube,2026-01-25,oCWKb7JGjsY,[ITZY VLOG] YEJIï½œWork-Hard Eat-Well Daily Life | Nail Salon | Wish Tree | #COVER_IT RecordingğŸ™ï¸,91562,8963,420,2026-01-16
aespa,K-pop,YouTube,2026-01-25,PnwMCFWNz1k,[ae:scenes] ìš°ë¦¬ ë„ˆë¬´ í›ˆí›ˆí•´âœ¨Â | ì—ìŠ¤íŒŒ aespa 2025 ì—°ë§ë¬´ëŒ€ ë¹„í•˜ì¸ë“œ #2,131086,9661,377,2026-01-22
aespa,K-pop,YouTube,2026-01-25,lXXCb4wbx4c,#KARINA at #Prada #aespa #Ã¦spa #ì—ìŠ¤íŒŒ #KARINA #ì¹´ë¦¬ë‚˜ #PradaFW26,2014715,75126,637,2026-01-19
aespa,K-pop,YouTube,2026-01-25,Jyc7ZvBX67s,Fit check #MILAN #aespa #Ã¦spa #ì—ìŠ¤íŒŒ #KARINA #ì¹´ë¦¬ë‚˜ #PradaFW26 #Prada,613161,34130,269,2026-01-18
LE SSERAFIM,K-pop,YouTube,2026-01-25,YVJxXVfmv8E,ì•ˆë…•í•˜ì„¸ìš” ì¹´ì¦ˆí•˜ì˜ˆìš”,211927,13533,206,2026-01-24
LE SSERAFIM,K-pop,YouTube,2026-01-25,UimihcKK3og,ğŸ’–í•œë²ˆğŸ’–í•œë²ˆğŸ’–í•œë²ˆğŸ’–,161601,18114,292,2026-01-24
LE SSERAFIM,K-pop,YouTube,2026-01-25,i0YdYZhPqeE,ëª¸ì´ ê¸°ì–µí•˜ëŠ” ì•”ì›¨ì´ë¸ŒğŸ’ª,196502,9589,98,2026-01-23
IVE,K-pop,YouTube,2026-01-25,OeK_YefjA-I,COMING SOON DIRECTORâ€™S CUT,230377,27614,1623,2026-01-24
IVE,K-pop,YouTube,2026-01-25,4qWUNxnZ35U,COMING SOON,200712,19831,953,2026-01-23
IVE,K-pop,YouTube,2026-01-25,YV6qYSFpaDI,COMING SOON,195423,21893,1262,2026-01-23
ILLIT,K-pop,YouTube,2026-01-25,ZdlzsZHZ3N4,Sunday MorningğŸ¥ w/ #ENHYPEN #SUNOO â˜€ï¸ #ILLIT_SundayMorning #ILLIT #ì•„ì¼ë¦¿,365236,43242,746,2026-01-24
ILLIT,K-pop,YouTube,2026-01-25,Rhd2PDbmnUo,ğŸ«¶ğŸ’“#ILLIT_SundayMorning #ILLIT #ì•„ì¼ë¦¿ #å§«ãƒ€ãƒ³ã‚¹ #HIMEDANCE,276957,27633,333,2026-01-23
ILLIT,K-pop,YouTube,2026-01-25,mVIQtu-StLs,ãƒ¡ãƒ­ã„æ‹ã«è½ã£ã“ã¡ã¦ã„ããŸã‚ğŸ’—#ILLIT_SundayMorning #ILLIT #ì•„ì¼ë¦¿ #å§«ãƒ€ãƒ³ã‚¹ #HIMEDANCE,474587,38731,440,2026-01-22
ILLIT,K-pop,YouTube,2026-01-25,MY4ljNE1TkY,Sunday MorningğŸ¥ w/ #SAYMYNAME #HITOMI #ILLIT_SundayMorning #ILLIT #ì•„ì¼ë¦¿,389012,27655,244,2026-01-22
ILLIT,K-pop,YouTube,2026-01-25,P5GXEwcvGr0,Sunday MorningğŸ¥ w/ #BOYNEXTDOOR #TAESAN #ILLIT_SundayMorning #ILLIT #ì•„ì¼ë¦¿,790090,59545,587,2026-01-21
ILLIT,K-pop,YouTube,2026-01-25,KG0AAkYHdDs,behindâ˜•#ILLIT_SundayMorning #ILLIT #ì•„ì¼ë¦¿ #å§«ãƒ€ãƒ³ã‚¹ #HIMEDANCE,447958,36825,364,2026-01-20
ILLIT,K-pop,YouTube,2026-01-25,qnEda44Lj7c,ì™¸ì¶œ ì¤€ë¹„ ASMRğŸ§ | GRWM with ë¦¬í‹€ë¯¸ë¯¸ | ILLIT (ì•„ì¼ë¦¿),239073,19761,848,2026-01-20
ILLIT,K-pop,YouTube,2026-01-25,u0wLYhXykZE,Nâ˜…T CUTE #SEVENTEEN #SEUNGKWAN ANYMORE ğŸŠ #NOT_CUTE_ANYMORE #ILLIT #ì•„ì¼ë¦¿,551783,37761,313,2026-01-20
ILLIT,K-pop,YouTube,2026-01-25,afq1YtGfBss,Sunday MorningğŸ¥ w/ #andTEAM #EJ #ILLIT_SundayMorning #ILLIT #ì•„ì¼ë¦¿,527159,37176,296,2026-01-19
ILLIT,K-pop,YouTube,2026-01-25,xqV_L3ju04I,Fame #IROHA_CHOREO#IROHA #ILLIT #ì•„ì¼ë¦¿,762776,56725,487,2026-01-19
ILLIT,K-pop,YouTube,2026-01-25,M2MK_9R_tgQ,ğŸ–¤ğŸ¤ #ILLIT_SundayMorning #ILLIT #ì•„ì¼ë¦¿ #å§«ãƒ€ãƒ³ã‚¹ #HIMEDANCE,425799,41729,414,2026-01-18
ILLIT,K-pop,YouTube,2026-01-25,S6yDBpF5cqI,Nâ˜…T CUTE #MONSTAX #JOOHONEY ANYMORE ğŸ¯ğŸ #NOT_CUTE_ANYMORE #ILLIT #ì•„ì¼ë¦¿,391405,29301,213,2026-01-18
ILLIT,K-pop,YouTube,2026-01-25,2QyCKzsS9BY,2026ë…„ì—ë„ ë‚« ííŠ¸ í•˜ì„¸ìš”âŠ¹â‚Šâ¤ï¸â‹†ï½¡Â°âœ© | ìœ¤ì•„&ì›í¬&ì´ë¡œí•˜ì˜ ìŠ¤í˜ì…œ MC ë„ì „ê¸° | ILLIT (ì•„ì¼ë¦¿) ì— ì¹´ìš´íŠ¸ë‹¤ìš´ ìŒì•… ë°©ì†¡ ë¹„í•˜ì¸ë“œ,77206,6394,426,2026-01-18
ILLIT,K-pop,YouTube,2026-01-25,sHKO7iIHtuI,ã‚µãƒ³ãƒ‡ãƒ¼ãƒ¢ãƒ¼ãƒ‹ãƒ³ã‚°â˜•ğ“‚ƒ ğ“ˆ’ğ“¸#ILLIT_SundayMorning #ILLIT #ì•„ì¼ë¦¿ #å§«ãƒ€ãƒ³ã‚¹ #HIMEDANCE,538970,41227,427,2026-01-18
ILLIT,K-pop,YouTube,2026-01-25,XysHzgl-UbU,blah blah blah #WONHEE #ILLIT #ì•„ì¼ë¦¿,1252217,91506,1564,2026-01-17
ILLIT,K-pop,YouTube,2026-01-25,cRiCSptFXlQ,ğŸ¹à·†Ëš* #ILLIT_SundayMorning #ILLIT #ì•„ì¼ë¦¿ #å§«ãƒ€ãƒ³ã‚¹ #HIMEDANCE,591989,52139,523,2026-01-17
ILLIT,K-pop,YouTube,2026-01-25,RAglgkdrHN4,Nâ˜…T CUTE #ë¯¸ë¯¸ë¯¸ëˆ„ ANYMORE ğŸ¥”ğŸ‘ï¸ğŸ‘ï¸ğŸ¥” #NOT_CUTE_ANYMORE #ILLIT #ì•„ì¼ë¦¿ @ë¯¸@ë¯¸ë¯¸ë¯¸ëˆ„,344972,26420,215,2026-01-17
ILLIT,K-pop,YouTube,2026-01-25,Dk-2i0RxNEc,ğŸğŸ³â‹†Í›*ï¾Ÿ #ILLIT_SundayMorning #ILLIT #ì•„ì¼ë¦¿ #å§«ãƒ€ãƒ³ã‚¹ #HIMEDANCE,586362,49874,507,2026-01-16
ILLIT,K-pop,YouTube,2026-01-25,AWcr4zLWdko,IROHACORE #IROHA #ILLIT #ì•„ì¼ë¦¿,1545382,105210,1146,2026-01-16
ILLIT,K-pop,YouTube,2026-01-25,rCCGwtEYyKA,Lonely guitarist #MOKA #ILLIT #ì•„ì¼ë¦¿,491606,43409,490,2026-01-16
ILLIT,K-pop,YouTube,2026-01-25,QBHpWZIrVvw,I'm 23 ğŸ‚#YUNAH #ILLIT #ì•„ì¼ë¦¿,701430,55824,2677,2026-01-15
ILLIT,K-pop,YouTube,2026-01-25,flcXL-n8_q0,PINKU! #WONHEE #ILLIT #ì•„ì¼ë¦¿,1922710,85727,826,2026-01-15
ILLIT,K-pop,YouTube,2026-01-25,UD4TfmmA9Q8,ğ’®ğ“Šğ“ƒğ’¹ğ’¶ğ“ â„³â„´ğ“‡ğ“ƒğ’¾ğ“ƒâ„ŠğŸ¸#ILLIT_SundayMorning #ILLIT #ì•„ì¼ë¦¿ #IROHA #ì´ë¡œí•˜,1547644,90501,691,2026-01-14
ILLIT,K-pop,YouTube,2026-01-25,lLX1hHE5z_o,ğ‘¶ğ’ğ’ğ’š ğ’ğ’ ğ‘ºğ’–ğ’ğ’…ğ’‚ğ’š ğ‘´ğ’ğ’“ğ’ğ’Šğ’ğ’ˆğŸ¥âˆ—*ï¾Ÿ#ILLIT_SundayMorning #ILLIT #ì•„ì¼ë¦¿,684338,58271,574,2026-01-14
ILLIT,K-pop,YouTube,2026-01-25,7sxTGeiZBsA,Nâ˜…T CUTE #Apink ANYMORE ğŸ’–ğŸ’–ğŸ’–ğŸ’–ğŸ’–ğŸ’– #ìœ¤ë³´ë¯¸ #ì •ì€ì§€ #NOT_CUTE_ANYMORE #ILLIT #ì•„ì¼ë¦¿,423379,27843,204,2026-01-14
KATSEYE,K-pop,YouTube,2026-01-25,N6hfF8uP7So,only bringing the essentials ğŸ–¤ Internet Girl merch available now!! #KATSEYE,848998,69802,2430,2026-01-24
KATSEYE,K-pop,YouTube,2026-01-25,6LKUUYRYPko,we said what we said #KATSEYE,3163076,220738,4048,2026-01-23
KATSEYE,K-pop,YouTube,2026-01-25,32uV2--DJOY,two types of business: my business and none ya business #KATSEYE,1211801,94105,2293,2026-01-22
TXT,K-pop,YouTube,2026-01-25,NVdxERMSqG8,BIG GUYYYY ğŸ’ª #TXT #SOOBIN #HUENINGKAI,673730,66307,544,2026-01-24
TXT,K-pop,YouTube,2026-01-25,2t8wl6j3ObI,nobody but you ğŸ«µ  #TXT #ë²”ê·œ #BEOMGYU,385039,44610,696,2026-01-23
TXT,K-pop,YouTube,2026-01-25,OKWY4YrPqvk,ëŒ€ì„ ë°°ë‹˜ê³¼ ì²«ë§Œë‚¨ì— ì–¼ì—ˆë˜ ì´ìœ .mov,137003,9876,129,2026-01-23
ENHYPEN,K-pop,YouTube,2026-01-25,JupG_6j000A,ë‚´ê°€ ì§€ì¼œì¤„ê²Œ #BigGirlsDontCryğŸ¤  #THE_SIN_VANISH #JAKE #ENHYPEN,283700,56156,1103,2026-01-24
ENHYPEN,K-pop,YouTube,2026-01-25,BZkAW3pCRP4,Don't cry #MINJU ğŸ¤£ #BigGirlsDontCry #ILLIT #ì•„ì¼ë¦¿ #THE_SIN_VANISH #ENHYPEN,356303,52886,685,2026-01-24
ENHYPEN,K-pop,YouTube,2026-01-25,lDlf4NVvQYw,Don't cryÂ #KIMGYUVINğŸ¤£#ZEROBASEONEÂ #ZB1 #ê¹€ê·œë¹ˆ #BigGirlsDontCry #THE_SIN_VANISH #SUNOO #ENHYPEN,636299,79959,831,2026-01-23
BOYNEXTDOOR,K-pop,YouTube,2026-01-25,QzwxsfdFmkA,2026ë…„ì—ë„ ì‘ì›í•´ ì£¼ì‹œê³  ì•„ê»´ì£¼ì‹œê³  ì„±ì›í•´ ì£¼ì‹œê³  ê²©ë ¤í•´ ì£¼ì‹œê³ ...ë”ë³´ê¸° | ì œ40íšŒ ê³¨ë“ ë””ìŠ¤í¬ì–´ì›Œì¦ˆ ë¹„í•˜ì¸ë“œã…£BEHINDOOR,80543,9635,722,2026-01-24
BOYNEXTDOOR,K-pop,YouTube,2026-01-25,_cvoJSW96hY,ê²Œì„ë³´ì´ì¦ˆğŸ•¹ï¸ #BOYNEXTDOOR #ë³´ì´ë„¥ìŠ¤íŠ¸ë„ì–´ #BND,123220,16744,254,2026-01-23
BOYNEXTDOOR,K-pop,YouTube,2026-01-25,0G_798HJcoc,ì˜¤ëŠ˜ë„ ê¹Œë§Œ ê¿ˆ ê¾¸ê¸°ë¥¼ | ë„ì¿„ í˜¸í…”ì—ì„œì˜ í‰ë²”í•œ ì €ë… ì¼ìƒ | Cozy Night Vlog,118897,15616,1298,2026-01-22
NMIXX,K-pop,YouTube,2026-01-25,oDvX8QSMO0o,ë‘˜ì´ ê°™ì´ ê±·ë˜ ë„ì¿„ ê²¨ìš¸ğŸ—¼ | ë°°ì´ & ì§€ìš° ë„ì¿„ í¬ë¦¬ìŠ¤ë§ˆìŠ¤ ë°ì´íŠ¸ ë¸Œì´ë¡œê·¸ | MIXX Log,171297,6991,520,2026-01-23
NMIXX,K-pop,YouTube,2026-01-25,ScDJpcYlh2E,ë‹¤ë“¤ ë ˆê³  í•˜ê³  ìë€ ê±° ì•„ë‹ˆì—ìš”?! | ì—ìŠ¤ì½°ì´ì–´Xë ˆê³  í™”ë³´ ì´¬ì˜ ë¹„í•˜ì¸ë“œ | Day MIXX,41516,4561,295,2026-01-21
NMIXX,K-pop,YouTube,2026-01-25,PIBwaHBrPmI,ì½©â‹°Ëš* #NMIXX #ì—”ë¯¹ìŠ¤ #ê·œì§„ #KYUJIN,198463,16980,321,2026-01-20
NMIXX,K-pop,YouTube,2026-01-25,HMIUqdzm0bs,ë¦´ë¦¬ë¦¬ì•¼ ë¦´ë¦¬ë”© LILYâ€™s Lost The Plot #23 ğ‘¾ğ’–ğ’•ğ’‰ğ’†ğ’“ğ’Šğ’ğ’ˆ ğ‘¯ğ’†ğ’Šğ’ˆğ’‰ğ’•ğ’” (SPOILERS) ğŸŒ¬ï¸ğŸŒ³,89874,7440,116,2026-01-19
NMIXX,K-pop,YouTube,2026-01-25,nvxrD_6wESo,2026ë…„ë„ ì˜ ë¶€íƒí•´ âŠ¹ à£ª Ë– | 2025 ì—°ë§ ì‹œìƒì‹ ë¹„í•˜ì¸ë“œ | Day MIXX,282074,6491,346,2026-01-16
NMIXX,K-pop,YouTube,2026-01-25,bly2esbAgTI,í‡´ê·¼í•©ë‹ˆë‹¤,97466,7822,173,2026-01-15
NMIXX,K-pop,YouTube,2026-01-25,Y6RPRj7TrtI,"NSWER, Try This Challenge ğŸ‘€ #NMIXX #ì—”ë¯¹ìŠ¤",323881,12063,278,2026-01-15
NMIXX,K-pop,YouTube,2026-01-25,Ismp5ZmjABg,ë¦¬ë“¬ê²Œì„ ì±Œë¦°ì§€ â™ªâ™¬ #NMIXX #ì—”ë¯¹ìŠ¤ #ë¦´ë¦¬ #LILY #ì§€ìš° #JIWOO,339901,18295,334,2026-01-15
NMIXX,K-pop,YouTube,2026-01-25,oFyl9wbfOMM,KOLOK COLOKğŸŒ€ #NMIXX #ì—”ë¯¹ìŠ¤,225539,18091,442,2026-01-14
NMIXX,K-pop,YouTube,2026-01-25,A7ZK_0L2cug,ì ì˜· ì…ê³  ì˜¤ëŠ˜ì€ Lazy DayğŸ’¤ | í•´ì› ë„ì”¨ ê´‘ê³  ë¹„í•˜ì¸ë“œ | Day MIXX,43502,4898,293,2026-01-14
NMIXX,K-pop,YouTube,2026-01-25,fljCbgq03m4,ğŸ±ğŸ»â€â„ï¸ğŸ°ğŸ›ï¸ #NMIXX #ì—”ë¯¹ìŠ¤ #í•´ì› #HAEWON #ì„¤ìœ¤ #SULLYOON #ê·œì§„ #KYUJIN,638128,32456,469,2026-01-13
NMIXX,K-pop,YouTube,2026-01-25,pODu5S0hiio,ìš°ë¦¬ê°€ ë¨¼ì € ê°ˆê²Œ ë”°ë¼ ì˜¤ë©´ ë¼ #NMIXX #ì—”ë¯¹ìŠ¤ #ë°°ì´ #BAE #ì§€ìš° #JIWOO,1944914,68850,760,2026-01-12
NMIXX,K-pop,YouTube,2026-01-25,kgrAb4xXCGY,ì›”ê°„5ï¸âƒ£â˜€ï¸1ï¸âƒ£ #38 ë§ì˜ í•´ë¼ í¬ë‹ˆí…Œì¼ í•œ ì—¬ìì˜ ìƒˆí•´ë°©ì†¡,99862,8049,236,2026-01-09
NMIXX,K-pop,YouTube,2026-01-25,FhLcWKNDSjM,ì‹œë“œë‹ˆì— ì˜¤ê²Œ ë¼ì„œ ì •ë§ ì‹ ë‚˜ìš”ğŸ¨.áŸ.áŸ | 2025 K-Content Planet Behind | Day MIXX,218225,5944,339,2026-01-09
NMIXX,K-pop,YouTube,2026-01-25,rpCaxH-O8uY,í•œë²ˆë§Œ ì•ˆì•„ì¤˜!! #NMIXX #ì—”ë¯¹ìŠ¤ #ì§€ìš° #JIWOO,394453,24720,496,2026-01-08
NMIXX,K-pop,YouTube,2026-01-25,bgRZQxeBwW4,NMIXX 2026 SEASONâ€™S GREETINGS [MIXX DREAM] ë¹„í•˜ì¸ë“œ | Day MIXX,48201,5141,281,2026-01-07
NMIXX,K-pop,YouTube,2026-01-25,TZnsLWlKJ5w,ğŸ˜‰âŠ¹ #NMIXX #ì—”ë¯¹ìŠ¤ #ì„¤ìœ¤ #SULLYOON,585313,33766,512,2026-01-06
NMIXX,K-pop,YouTube,2026-01-25,D424CjHk3O0,ì˜ˆìœ ë‚˜ì´ ââ„ì‚´ğŸª½ #NMIXX #ì—”ë¯¹ìŠ¤ #ë¦´ë¦¬ #LILY,289736,20290,402,2026-01-05
NMIXX,K-pop,YouTube,2026-01-25,o3aSN0GUpG8,ë¼ì´ë¸Œí•œì§€ ì–¼ë§ˆë‚˜ ì˜¤ë Œì§€ğŸŠğŸ§¡,152138,9985,216,2026-01-04
NMIXX,K-pop,YouTube,2026-01-25,fRXd-juZcoE,Concert DAY 2 Behind EP.03 | NMIXX 1ST WORLD TOUR â€˜EPISODE 1: ZERO FRONTIERâ€™ IN INCHEON,495550,6160,306,2026-01-02
NMIXX,K-pop,YouTube,2026-01-25,XXNUA5GtKSI,Dreamin' like ë¹ ë¹ ì‚ìš© #NMIXX #ì—”ë¯¹ìŠ¤ #Papillon  #NMIXX_Papillon,586017,35521,413,2026-01-01
NMIXX,K-pop,YouTube,2026-01-25,37nIXmdfP-Q,NMIXX 2026 New Year Greeting MessageğŸ´,46905,8019,575,2026-01-01
NMIXX,K-pop,YouTube,2026-01-25,6gBfsWF_JFc,Our Last â€˜PODIUMâ€™ This Year | NMIXX(ì—”ë¯¹ìŠ¤) â€˜PODIUMâ€™ SPECIAL VIDEO,511959,10766,601,2025-12-31
NMIXX,K-pop,YouTube,2026-01-25,KkeTdNDZClo,ğŸ®á¯“ #NMIXX #ì—”ë¯¹ìŠ¤ #ì„¤ìœ¤ #SULLYOON #ê·œì§„ #KYUJIN,2537404,88204,718,2025-12-30
NMIXX,K-pop,YouTube,2026-01-25,ml7oNAijwgY,happy birthday 2 me ğŸŒ¼à¼‰â€§â‚Š #NMIXX #ì—”ë¯¹ìŠ¤ #ë°°ì´ #BAE #ë°°ì´ì™€_í•¨ê»˜_ì—¬ì „íˆ_ì„œë¡œê² ì§€ #OurSolshineDay,815110,34122,437,2025-12-28
